{"bboc": {"nth": 2, "nq": 1, "nh": [10, 10, 10, 10], "rnnType": "plain", "tMax": null}, "w": {"__ndarray__": [1.1104333191454772, -0.38295664370243504, 0.5392924893247429, -0.5376504816346552, -0.32058027385060983, -0.4579826045620416, 0.2350608731063379, 0.2392943334039898, -0.5909848908620784, -0.7187450555994139, -0.5840153562321009, -0.6108402063203816, 0.2480518712100525, -0.4892474879991089, -0.8921071557913225, -0.057683234230302353, -0.1378015394952083, -0.8969996275027529, 0.33627059826727257, 0.10221382983741538, 0.48263924681520465, 0.12617875769029216, 0.12425661780529362, 0.17838129541563558, -0.8157936039411487, -0.6168833514188589, 0.24831663238388327, 0.14165534054133347, 0.5444416652095966, -0.06112288324573288, 0.6753085810534414, -0.5984858062618003, 0.7661256883566144, 0.033576059854801624, 0.5643564454338156, 0.15879803050199676, -0.22499770384729442, -0.13158237266516662, -0.7485520992443085, 0.5897599617686415, 0.41777126776013146, 0.05621636077295077, 0.431094530202492, -0.1322720394213807, -0.433381465972481, 0.3022636005047965, 0.1413632865986847, -0.8324405322560646, 0.399847879226786, -0.4844686841222249, -0.516214616499092, 0.014291160796770154, -0.14954935710460998, -0.2535615625979983, 0.7216950331549126, -0.4563343029231186, -0.4061155322342515, -0.21885102109089058, -1.1962373054199453, -0.6151481577668768, 0.05785432777961201, 0.040005560179617976, -0.5550151877383658, -0.03952472668945335, -0.017643291182205364, -0.1765659064479203, -0.31947096927209384, 0.004574092034915529, -0.7587623752513327, -0.306602390675425, 0.11279191643983172, 0.26496714324812853, 0.24831264983825344, -0.3160929854755651, 0.46802966444013694, -0.6799317511930523, 0.6596422188089796, -0.5127573396210228, -0.6727529423302582, 0.022106210088029855, -0.6880275288539592, -0.2293298538919038, 0.058459130045333006, -0.9504036826478635, -0.1935918054853209, -0.9334816740678414, 0.5019430669439521, -0.9686992611726687, 0.7887840977238009, -0.24378947986131533, -0.5575459580447297, 0.14278677198672216, -0.9610433082341061, 0.5815446508948484, -1.0046624076065525, -0.6978823565900185, -0.11899478787838791, -0.11533409860770545, 0.29873482034067617, -0.20896429645195533, 0.17919100287854514, 0.06355301834019035, 0.1376995753015019, 0.26846846602090135, -0.11147360355818223, -0.013659641003683267, 0.6723482836076872, -0.7485992363225005, 0.18602993085222486, -0.22514484491579914, 0.40342217448597384, 1.2145924481816452, 0.05674021146922589, -0.3782136013824777, -0.04659268768243506, 0.08744918334567847, 0.748603830650332, 0.27033787662531256, -0.38189808894206556, 0.4260936235284422, 0.07762274950573972, -0.19075126844912396, -0.7596369341901279, -0.05875075086181892, -0.11316516002021564, -0.036005110008480286, -0.5029774010308486, -0.5372568904476097, -0.49452129495448277, -0.10020065796711299, 0.07139622263632187, 0.29346273417637725, 0.20466907904588796, 0.27407574214238184, -0.9615572623159018, -0.4795582086840909, 0.9695949723683777, -0.3678451197087602, 0.022861125431421426, 0.3009984903640757, 0.09730682322447569, 0.11997394645791352, -0.1675049188261748, -0.19963936927586223, -0.26385008275233257, -0.8035553355158849, 0.5751368733896892, -0.23997518096770543, 0.4255679448690957, -0.7230855263829269, -0.041306446732352106, -0.00715744666116281, -0.5908525452742452, 0.20626704407177904, -0.5553493286211689, -0.580903154829509, -0.1326478037448962, -0.037461969297691425, 0.24017811001363967, 1.0375003161143794, -0.7971762549127087, -0.36510733757721825, -1.0847063904549619, 0.30771273522306225, 0.05562336498134203, 0.6553065015841016, 0.040887677612069205, 0.5442859812788864, -0.1085126656298678, -0.08241964270037064, 0.9677335828995114, 0.00955821968428206, -0.3943833033448488, 0.08246939446650327, 0.2919573614569815, -0.06425513142545637, -0.032813226085817285, 0.4529137826906631, -0.16775805776198127, 0.30239169176925884, 0.5932372955306555, 0.5382298058893786, 0.17108148130480036, 0.2890038294802297, -0.48360543609681494, -0.18465036671461527, -0.25511629299234884, 0.2991492167478392, -0.11257322479496838, -0.3972476684213494, -0.952083328536436, 0.4412576816425204, -0.1519992750292574, 0.26132250775252885, 0.184130074110161, 0.3597832033047094, -0.23912563331361056, 0.17755329059001068, 0.14937864185253924, 0.054732258840424076, -0.08649878106947563, -0.5464042496556742, -0.4522744553783287, 0.15735631372421932, 0.15412099152307984, 0.3449603719918495, -0.0732696875780099, -0.22617829926282712, -0.740589958933938, 0.2601163954696213, -0.2936169421910854, 0.33959179090502467, 0.07189212781853313, -0.20425482348121385, 0.06418884232937613, -0.9813660005601248, 0.26816025822350575, 0.5070286980901572, -0.49530893034429174, 0.49078040193685635, -0.02764033769483022, 0.12335301675828521, -0.7917545636702724, -0.5224736129058285, -0.3113882706476423, 0.9378316619286886, -0.2940104824920074, -0.25590558527221435, 0.10749871047282884, -0.7282690745334581, -0.19325827602032408, -0.5300879686440928, 0.9920599755646964, -0.5273381880646104, 0.251789417794883, -0.5943175656854912, -0.834472648043598, -0.7595717712141061, -0.019301965696745645, 0.4897729290209831, 0.4426631378702636, -0.6191594022803849, -1.6202782210909048, 0.44622865053915484, 0.044260460373955736, -0.06546218572980511, -0.1629763457564524, -0.292227889095604, -0.43809699377355715, 0.1898369605297286, -0.4554278702127437, 0.1790014800801583, -0.6654567170956356, 0.06990897243174879, 0.4512031680690593, 0.5123445564011493, -0.31737430941372385, -0.2570152718425746, 0.2123680311686283, 1.184471974705862, -0.9279309152579623, 0.6553574486403912, 0.6487919850428471, 0.034333089832469084, -0.28968336827080293, 0.21444713730679718, 0.154024852209888, -0.7008909080835173, -0.5922874568767605, 0.1509067331089109, 0.23256086638197243, -0.05529352136749893, -0.053610131742047124, 0.8816277737293585, -0.18776622856216857, 0.18169306133937108, 0.42371782339342734, -0.33108942431409494, -0.08113897778361127, 0.25993209217452695, 1.4148682227126315, 0.04709362019870826, 0.026883038940767844, 0.20689275529723097, -0.6260232740004521, -0.394949346211045, -0.001044884808526047, 0.4261856573816537, 0.2943431123821924, 0.266331310548132, -0.02330654939481647, 0.37207827376987657, 0.7246887526520834, -0.05410999567904817, 0.31029579924258427, 0.6176463418051168, 0.30914213297958165, -0.9114145027574864, -0.3866748884706339, -0.3381564557385935, 0.0821935269973156, 0.3348485703944618, 0.4437657313093724, -1.0472278430024051, -0.528419868114466, 0.3171058309940728, -0.6499901669284832, -0.6159150710534191, -0.8893537432390154, -0.2265215547405688, 0.7787656379079352, -0.9502999445479172, -0.18794054859795967, 0.1546756188566089, 0.0370722964418572, -0.7754480945801482, 0.345788020790808, 0.5502573743783769, 0.37219598854307695, 0.7815520301523794, -0.2651426763769475, 0.015132867990287588, -0.6189594175332277, 0.49265962434907185, 0.20023999832120082, -0.8183599462765124, -0.43621934772077453, 0.2577006660701618, 0.04888675653739405, 0.9283998634543453, 0.22042475391705907, 0.09836611114605774, -0.008559386192995658, -0.09529044596917845, -0.006363707762824063, 0.04261570919541424, 0.08909614823238465, -0.47765319615960233, -0.22372314418356035, 0.21320817214460008, 0.458184012454004, 0.3121790128836756, 0.17731824683486005, 0.37531653312323976, 0.21566377548291643, 0.3912001112259421, -0.17552600387048523, -0.5340870951089235, 0.6998021009232728, 0.2018022011632529, 0.5419628242912643, 0.4036882669331819, -0.6608892158523955, 0.03057960817574125, 0.29187031362497784, 0.4505479916534665, 0.1207169521310451, -0.4433512150007072, -0.39065641070861773, -0.029646855039398852, 0.24096154011042623, 0.04447365162250388, 0.05303417073423727, -0.2618460154358378, -0.6081640444419478, 0.5721520442758253, -0.30617264224695045, -0.30900714638701865, 0.015808721568496897, 0.17682620440182317, -0.9012880615044072, 0.308973348954748, 0.3921217240080453, 0.35292448704292106, 0.44167339693996993, -0.32559146037270276, 